,Icon,Company,Ratings,Reviews,Salaries,Jobs,Location,Company Size,Industry,Description
0,https://media.glassdoor.com/sql/13461/tata-consultancy-services-squareLogo-1634801936555.png,Tata Consultancy Services,3.8,1.4L,1.4L,1.3T,39 office locations,10000+ Employees,Software Development,No Info
1,https://media.glassdoor.com/sql/4138/accenture-squarelogo-1603988625135.png,Accenture,4.0,1.6L,85.2T,33.7T,37 office locations,10000+ Employees,Business Consulting,"Growing customer expectations. Market-Shaping AI. Self-Optimizing systems. The post-digital age shows no signs of slow down, and the need for the new ideas powered by intelligent technologies has never been greater.

A vision for the future can’t be realized without know-how. Accenture partners with our clients drive real innovation – the kind that turns an idea into an industry – helping them transform and grow their organizations. Learn how we work with companies from all industries across the globe to create the New, now."
2,https://media.glassdoor.com/sql/8014/cognizant-technology-solutions-squareLogo-1651131366751.png,Cognizant Technology Solutions,3.8,99.6T,82T,1.9T,31 office locations,10000+ Employees,Information Technology Support Services,"Cognizant is one of the world’s leading professional services companies, helping clients become data-enabled and data-driven in the digital era. Our industry-based, consultative approach helps companies evolve into modern businesses. By leading clients in leveraging technologies essential to modern enterprises such as IoT, artificial intelligence, digital engineering and cloud, we enable new business and operating models that unlock new value in markets around the world. Cognizant’s unwavering focus on our clients is led by over 330,000 associates, who deliver services and solutions tailored to specific industries and the unique needs of the organizations we serve."
3,https://media.glassdoor.com/sql/3803/capgemini-squareLogo-1688367853815.png,Capgemini,3.9,75.2T,50.1T,6.6T,55 office locations,10000+ Employees,Enterprise Software & Network Solutions,"Capgemini is a global leader in partnering with companies to transform and manage their business by harnessing the power of technology. The Group is guided everyday by its purpose of unleashing human energy through technology for an inclusive and sustainable future. It is a responsible and diverse organization of 360,000 team members in more than 50 countries. With its strong 55-year heritage and deep industry expertise, Capgemini is trusted by its clients to address the entire breadth of their business needs, from strategy and design to operations, fueled by the fast evolving and innovative world of cloud, data, AI, connectivity, software, digital engineering and platforms. The Group reported in 2022 global revenues of €22 billion.

Capgemini in India comprises over 185,000 team members working across 13 locations: Bangalore, Bhubaneswar, Chennai, Coimbatore, Gandhinagar, Gurugram, Hyderabad, Kolkata, Mumbai, Noida, Pune, Salem and Tiruchirappalli.

 Learn more about Capgemini in India at www.capgemini.com/in-en."
4,https://media.glassdoor.com/sql/354/ibm-squareLogo-1680100245029.png,IBM,4.2,1.1L,35.4T,5.8T,37 office locations,10000+ Employees,Information Technology Support Services,"IBM works to design, advance, and scale the technologies that define each era. Restlessly reinventing since 1911, we are one of the largest technology, consulting and research companies in the world.  IBMers are agents of change – in this team, you’ll become a part of a historic, prestigious, and global community in which you’ll be respected, and your talents will have a real impact. 

Join our team of experts and thrive in a collaborative and friendly environment where you can bring your whole self at work. Use your skills to empower clients and partners to create something that is bigger than what any one of us could produce alone.

Come and let’s create together!"
5,https://media.glassdoor.com/sql/553909/hcl-technologies-squareLogo-1664198027190.png,HCLTech,3.6,43.2T,36T,1T,35 office locations,10000+ Employees,Information Technology Support Services,"HCLTech is a global technology company, home to 221,000+ people across 60 countries, delivering industry-leading capabilities centered around digital, engineering, cloud and AI powered by a broad portfolio of technology services and products. We work with clients across all major verticals, providing industry solutions for Financial Services, Manufacturing, Life Sciences and Healthcare, Technology and Services, Telecom and Media, Retail and CPG, and Public Services.

Our purpose is to bring together the best of technology and our people to supercharge progress. We’re supercharging progress for everyone, everywhere – our clients, partners and their stakeholders, our people, communities, and the planet.

Part of the HCL group, HCLTech was listed on the stock exchanges in India at the turn of the millennium in December 1999. Since our inception, we have pioneered several industry mainstays and established leadership positions in all our chosen segments.

As a company, we are deeply focused on accelerating our ESG agenda. We are also creating technology-enabled sustainable solutions with and for our clients and partners. We embed ESG imperatives into every aspect of our business and ensure that the progress we supercharge is responsible, inclusive and beneficial to all our stakeholders in the long term. We have committed to achieving net zero by 2040.

We recognize the impact that a business like ours can deliver in elevating communities globally, and we continue to improve our efforts and take decisive actions that benefit the communities in which we work and live. Through the HCL Foundation, the CSR arm of HCLTech, we have invested more than $130 million in social development efforts serving communities throughout India across education, health, water, sanitation and hygiene, skill development and livelihoods, environment, and disaster risk reduction, response and management.

We’re powered by our people – a global, diverse, multi-generational talent - representing 161 nationalities whose unique spark, perspective and boundless passion drive our culture of proactive value creation and problem-solving.

Consolidated revenues as of 12 months ending September 2023 totaled $12.9 billion. To learn how we can supercharge progress for you, visit hcltech.com"
6,https://media.glassdoor.com/sql/1737/oracle-squarelogo-1570718316042.png,Oracle,3.9,51.9T,20.8T,3.6T,44 office locations,10000+ Employees,Enterprise Software & Network Solutions,"Oracle is the world’s leading provider of business software. But you probably already knew that. With a presence in over 175 countries, we are one of the biggest technology companies in the world. What you might not know about us, is that we are leading a cloud revolution. 

By delivering tomorrow’s emerging technologies, today, we are transforming the world of business, empowering governments, and helping society evolve with the pace of change. We are disrupting old standards. Revolutionizing industries. What we are doing, above all—is changing lives."
7,https://media.glassdoor.com/sql/9779/teleperformance-squareLogo-1697744314989.png,Teleperformance,4.7,57.5T,9.2T,2.1T,39 office locations,10000+ Employees,Telecommunications Services,"Passion. Integrity. Excellence. We are Teleperformance, the worldwide leader in outsourced omnichannel customer experience management.
 
For almost four decades, we have been helping our clients across 80 countries serving  175 markets strengthen their relationships with their customers by providing customer care, technical support, customer acquisition, digital solutions, analytics, and other specialized services. Aon, Great Place to Work, the Everest Group and many others have recognized our expertise in different fields.
 
As a people company, we want to be the bridge that connects you to great opportunities. Allow us to take your career to new places. With your passion and our mission, we can do great things together. 
 
Ready to take that first step? We want to hear from you."
8,https://media.glassdoor.com/sql/1651/microsoft-squarelogo-1479856042252.png,Microsoft,4.3,52.6T,10.9T,3.1T,60 office locations,10000+ Employees,Computer Hardware Development,"At Microsoft, our mission is to empower every person and every organization on the planet to achieve more. When you join Microsoft, you're not just taking on a job, you're embracing a calling. A calling where your individual contributions amplify into a collective force championing global progress and innovation.  
Rooted in a growth mindset, Microsoft believes in nurturing potential, embracing change, and lifelong learning. As part of Team Microsoft, you'll collaborate across boundaries, building upon the ideas of others, unified by our shared mission.  
Together, our aspirations become tangible. Consider Microsoft to make world-changing impact. 
Because impact matters. 
Join us at careers.microsoft.com"
9,https://media.glassdoor.com/sql/135932/tech-mahindra-squareLogo-1682427461111.png,Tech Mahindra,3.6,33.9T,27.3T,938,30 office locations,10000+ Employees,Information Technology Support Services,"Tech Mahindra represents the connected world, offering innovative and customer-centric information technology experiences, enabling Enterprises, Associates and the Society to Rise™. We are a USD 4.9 billion company with 118,390+ professionals across 90 countries, helping over 930 global customers including Fortune 500 companies. Our convergent, digital, design experiences, innovation platforms and reusable assets connect across a number of technologies to deliver tangible business value and experiences to our stakeholders. Tech Mahindra is the highest ranked Non-U.S. company in the Forbes Global Digital 100 list (2018) and in the Forbes Fab 50 companies in Asia (2018).
We are part of the USD 21 billion Mahindra Group that employs more than 200,000 people in over 100 countries. The Group operates in the key industries that drive economic growth, enjoying a leadership position in tractors, utility vehicles, after-market, information technology and vacation ownership."
10,https://media.glassdoor.com/sql/8450/pwc-squareLogo-1688999699825.png,PwC,3.9,79T,12.8T,22.4T,75 office locations,1001 to 5000 Employees,Accounting & Tax,"Our people are powered by technology to turn today’s ideas into tomorrow’s solutions.  Learn more about how you can help organizations meet the challenges and opportunities of the US marketplace in the areas of audit, tax, consulting and products and technology.

We connect people with diverse backgrounds and skillsets to solve important problems together—for our clients, our communities and for the world at large."
11,https://media.glassdoor.com/sql/9779/teleperformance-squareLogo-1697744314989.png,Teleperformance,4.7,57.5T,9.2T,2.1T,39 office locations,10000+ Employees,Telecommunications Services,"Passion. Integrity. Excellence. We are Teleperformance, the worldwide leader in outsourced omnichannel customer experience management.
 
For almost four decades, we have been helping our clients across 80 countries serving  175 markets strengthen their relationships with their customers by providing customer care, technical support, customer acquisition, digital solutions, analytics, and other specialized services. Aon, Great Place to Work, the Everest Group and many others have recognized our expertise in different fields.
 
As a people company, we want to be the bridge that connects you to great opportunities. Allow us to take your career to new places. With your passion and our mission, we can do great things together. 
 
Ready to take that first step? We want to hear from you."
12,https://media.glassdoor.com/sql/1651/microsoft-squarelogo-1479856042252.png,Microsoft,4.3,52.6T,10.9T,3.1T,60 office locations,10000+ Employees,Computer Hardware Development,"At Microsoft, our mission is to empower every person and every organization on the planet to achieve more. When you join Microsoft, you're not just taking on a job, you're embracing a calling. A calling where your individual contributions amplify into a collective force championing global progress and innovation.  
Rooted in a growth mindset, Microsoft believes in nurturing potential, embracing change, and lifelong learning. As part of Team Microsoft, you'll collaborate across boundaries, building upon the ideas of others, unified by our shared mission.  
Together, our aspirations become tangible. Consider Microsoft to make world-changing impact. 
Because impact matters. 
Join us at careers.microsoft.com"
13,https://media.glassdoor.com/sql/135932/tech-mahindra-squareLogo-1682427461111.png,Tech Mahindra,3.6,33.9T,27.3T,938,30 office locations,10000+ Employees,Information Technology Support Services,"Tech Mahindra represents the connected world, offering innovative and customer-centric information technology experiences, enabling Enterprises, Associates and the Society to Rise™. We are a USD 4.9 billion company with 118,390+ professionals across 90 countries, helping over 930 global customers including Fortune 500 companies. Our convergent, digital, design experiences, innovation platforms and reusable assets connect across a number of technologies to deliver tangible business value and experiences to our stakeholders. Tech Mahindra is the highest ranked Non-U.S. company in the Forbes Global Digital 100 list (2018) and in the Forbes Fab 50 companies in Asia (2018).
We are part of the USD 21 billion Mahindra Group that employs more than 200,000 people in over 100 countries. The Group operates in the key industries that drive economic growth, enjoying a leadership position in tractors, utility vehicles, after-market, information technology and vacation ownership."
14,https://media.glassdoor.com/sql/2867/kpmg-squareLogo-1675929586261.png,KPMG,3.8,60.1T,11.7T,9T,27 office locations,10000+ Employees,Business Consulting,"KPMG LLP, the U.S. audit, tax and advisory services firm, operates from more than 100 offices with more than 32,000 employees and partners throughout the U.S. Our purpose is to turn knowledge into value for the benefit of our clients, our people, and the capital markets.

KPMG delivers a globally consistent set of multidisciplinary services based on deep industry knowledge. Our industry focus helps KPMG professionals develop a rich understanding of clients' businesses and the insight, skills, and resources required to address industry-specific issues and opportunities."
15,https://media.glassdoor.com/sql/9079/google-squarelogo-1441130773284.png,Google,4.4,48.9T,9.6T,1.3T,"Headquarters in Mountain View, United States",10000+ Employees,Internet & Web Services,"Since our founding in 1998, Google has grown by leaps and bounds. Starting from two computer science students in a university dorm room, we now have over a hundred thousand employees and over one hundred offices around the world. These Googlers build products that help create opportunities for everyone, whether down the street or across the globe. So whether you want to be a part of developing innovative technology, campaigns, products or partnerships, your work here is a chance to accomplish things that matter. To learn more about our job opportunities, teams, offices, benefits and workplace culture, visit careers.google.com."
16,https://media.glassdoor.com/sql/1327/dell-technologies-squarelogo-1702514279238.png,Dell Technologies,4.3,35T,10.6T,297,25 office locations,10000+ Employees,Information Technology Support Services,"We believe that each of us has the power to make an impact. That’s why we put our team members at the center of everything we do. If you’re looking for an opportunity to grow your career with some of the best minds and most advanced tech in the industry, we’re looking for you. Dell Technologies is a unique family of businesses that helps individuals and organizations transform how they work, live and play. Join us to build a future that works for everyone because Progress Takes All of Us.


Dell is a collective of customer-obsessed, industry-leading visionaries. At our core is a commitment to diversity, sustainability and our communities. We offer unparalleled growth and development opportunities for our team members. We believe that technology is essential for driving human progress, and we’re committed to providing that technology to people and organizations everywhere, so they can transform the way they work and live."
17,https://media.glassdoor.com/sql/1425/cisco-systems-squareLogo-1702924319691.png,Cisco Systems,4.4,32.9T,8.6T,354,25 office locations,10000+ Employees,Enterprise Software & Network Solutions,"#WeAreCisco, where each person is unique. We bring our talents to work as a team each day, helping power an inclusive future for all. Here's how we do it. 

At Cisco, we embody transformation and help our customers excel in their digital worlds. Some may think we're ""old"" (36+ years strong!) and only about hardware, but we're also a software company, a security company, a blockchain company, and an AI/Machine Learning company. We even invented an intuitive network that adapts, predicts, learns, and protects. Our innovation never stops! 

Cisco values the perspectives and skillsets that arise from employees with diverse backgrounds. That's why Cisco is expanding the boundaries of discovering top talent by not only focusing on candidates with college degrees and experience but instead placing more emphasis on unlocking potential. 

As one of the leading forces in connecting the world, we understand our unique opportunity to bring communities together and create meaningful change for everyone, everywhere. That's why connecting starts within Cisco. Over 30,000 Cisconians participate in our Employee Resource Groups, called Inclusive Communities, where we network, learn to be informed allies, and help make a difference. 

Cisco didn't just build the Internet. We keep building it. And while our technology helps connect the unconnected, that's not where our edge comes from. It comes from our people—unique, innovative, and diverse. Be you, with us!"
18,https://media.glassdoor.com/sql/8876/wells-fargo-squarelogo-1569533783558.png,Wells Fargo,3.6,48.7T,5.7T,3.1T,26 office locations,10000+ Employees,Banking & Lending,"Wells Fargo &amp; Company (NYSE: WFC) is a diversified, community-based financial services company with $1.98 trillion in assets. Wells Fargo’s vision is to satisfy our customers’ financial needs and help them succeed financially. Founded in 1852 and headquartered in San Francisco, Wells Fargo provides banking, investment and mortgage products and services, as well as consumer and commercial finance, through 7,400 locations, more than 13,000 ATMs, the internet (wellsfargo.com) and mobile banking, and has offices in 31 countries and territories to support customers who conduct business in the global economy. With approximately 263,000 team members, Wells Fargo serves one in three households in the United States. Wells Fargo &amp; Company was ranked No. 30 on Fortune’s 2020 rankings of America’s largest corporations. News, insights and perspectives from Wells Fargo are also available at Wells Fargo Stories. 
Additional information may be found at www.wellsfargo.com | Twitter: @WellsFargo."
19,https://media.glassdoor.com/sql/42613/genpact-squarelogo-1505910332584.png,Genpact,4.0,22.1T,17T,3T,64 office locations,10000+ Employees,Information Technology Support Services,"Genpact (NYSE: G) is a global professional services firm that makes business transformation real. We drive digital-led innovation and digitally-enabled intelligent operations for our clients, guided by our experience running thousands of processes primarily for Global Fortune 500 companies. We think with design, dream in digital, and solve problems with data and analytics.  Combining our expertise in end-to-end operations and our AI-based platform, Genpact Cora, we focus on the details – all 87,000+ of us. From New York to New Delhi and more than 25 countries in between, we connect every dot, reimagine every process, and reinvent companies’ ways of working. We know that reimagining each step from start to finish creates better business outcomes. Whatever it is, we’ll be there with you – accelerating digital transformation to create bold, lasting results – because transformation happens here. Get to know us at Genpact.com and on LinkedIn, Twitter, YouTube, and Facebook."
20,https://media.glassdoor.com/sql/1603125/dxc-technology-squareLogo-1623241057027.png,DXC Technology,3.6,25.3T,11.1T,97,29 office locations,10000+ Employees,Information Technology Support Services,"DXC Technology is a Fortune 500 global IT services leader. Our more than 130,000 people in 70-plus countries are entrusted by our customers to deliver what matters most. We use the power of technology to deliver mission critical IT services across the Enterprise Technology Stack to drive business impact. DXC is an employer of choice with strong values, and fosters a culture of inclusion, belonging and corporate citizenship. We are DXC."
21,https://media.glassdoor.com/sql/31549/concentrix-squareLogo-1695636773078.png,Concentrix,4.1,34.2T,10.2T,1.4T,237 office locations,10000+ Employees,Information Technology Support Services,"We’re Concentrix + Webhelp and we Design, Build, and Run the future of CX.

We understand customers better than anyone else can. Within billions of data-points, our engineers find and harness the insight to craft experiences that touch hearts and move markets. We believe in creating experiences that go beyond Wow; combining human talent with artificial intelligence to design, build and run truly integrated customer journeys, at scale, across the entire enterprise. 

Whether you’re a small company with big ideas or a leading global brand, we’re not just your next-door neighbor, we’re everyone’s, everywhere. 

It doesn’t matter if your customer journey spans channels, technology, 
or even oceans – we’ve got you covered. 

We’re behind the scenes of the brands you rely on every day, So chances are, we’ve already met! 

Learn more: https://jobs.concentrix.com/global/en"
22,https://media.glassdoor.com/sql/8843/citi-squareLogo-1686753614162.png,Citi,3.9,33.6T,5.1T,3.2T,26 office locations,10000+ Employees,Investment & Asset Management,"Citi is more than a global financial services company. It’s an engine for progress. Join us, and you’ll have the chance to get involved in progress in all its shapes and forms, right across the world. From the micro to the macro, from Australia to Zambia, the work we do has real positive impact. Wherever you are and whatever you do, progress starts here. 

We’ve built a world famous, trusted brand over 200 years of continuously evolving financial services. And today, our influence continues to grow: with financial operations in 160 countries and 100 currencies. We have 200 million different clients, including some of the biggest names in the industries, sectors, businesses and governments that we serve every day. It all adds up to an exciting place to be for talented, ambitious people who want to build a truly remarkable career."
23,https://media.glassdoor.com/sql/1519/intel-corporation-squarelogo-1599065494667.png,Intel Corporation,4.1,30.6T,4.5T,2.9T,32 office locations,10000+ Employees,Computer Hardware Development,No Info
24,https://media.glassdoor.com/sql/130/abc-squarelogo.png,ABC,4.0,15.9T,11.6T,9,7 office locations,10000+ Employees,Broadcast Media,"Some Desperate Housewives, a Modern Family, and a group of doctors schooled in Grey's Anatomy call this network home. ABC operates the #3 television network in the US (behind CBS and FOX), with more than 230 affiliates (including 10 corporate-owned stations). ABC also owns an 80% stake in ESPN, a leader in cable sports broadcasting with a stable of channels, including ESPN2, ESPN Classic, and ESPN News, as well as its flagship channel. (Publisher Hearst owns the remaining 20% of ESPN.) In addition, the company operates mass-market publisher Hyperion. ABC is the cornerstone of Disney-ABC Television Group, the TV division of parent Walt Disney."
25,https://media.glassdoor.com/sql/10471/sap-squareLogo-1658433034046.png,SAP,4.4,29.5T,5.4T,1.4T,28 office locations,10000+ Employees,Enterprise Software & Network Solutions,No Info
26,https://media.glassdoor.com/sql/3482/hsbc-holdings-squarelogo.png,HSBC,3.8,29T,5.5T,2.4T,9 office locations,10000+ Employees,Banking & Lending,"One of the world's largest banking groups by assets, HSBC Holdings owns subsidiaries throughout Europe, Hong Kong and the rest of the Asia/Pacific region, the Middle East and Africa, and the Americas. All told, the company has some 7,500 locations in more than 80 countries. Its activities include consumer and commercial banking, credit cards, private banking, investment banking, and leasing. Its North American operations comprise HSBC USA, HSBC Bank Canada, HSBC Bank Bermuda, and Grupo Financiero HSBC in Mexico."
27,https://media.glassdoor.com/sql/145/j-p-morgan-squarelogo-1479932535271.png,J.P. Morgan,4.0,23.9T,7.4T,--,25 office locations,10000+ Employees,Investment & Asset Management,"J.P. Morgan is a leader in financial services, offering solutions to clients in more than 100 countries with one of the most comprehensive global product platforms available. We have been helping our clients to do business and manage their wealth for more than 200 years. Our business has been built upon our core principle of putting our clients'​ interests first.

We have been a key player in the economic development of India, with a legacy going back 100 years. After having a presence in India for many years, we established our first representative office in Mumbai in 1945, and J.P. Morgan has been providing first-class service to clients in the country since then. Today, the firm has presence across the country - in Mumbai, Bengaluru, Hyderabad, New Delhi, Chennai, Pune, Ahmedabad and Noida.

Our India franchise provides a comprehensive range of services including Corporate and Investment banking, Commercial Banking and Asset & Wealth Management. Our India Corporate Centers provide 24x7 global support for every division of the firm around the world, including Consumer and Community Banking.

J.P. Morgan is part of JPMorgan Chase & Co. (NYSE: JPM), a global financial services firm. 
© 2023 JPMorgan Chase & Co. All rights reserved.​ JPMorgan Chase is an Equal Opportunity Employer, including Disability/Veterans"
28,https://media.glassdoor.com/sql/640/qualcomm-squareLogo-1662140255236.png,Qualcomm,4.0,10.3T,4.2T,883,34 office locations,10000+ Employees,Computer Hardware Development,"We’re looking for inventive minds to help fuel what’s next in 5G.

Qualcomm is the wireless technology innovator and the company of inventors that unlocked 5G. We’re ushering in an age of rapid acceleration in wireless connectivity that’s transforming entire industries and enriching lives on a global scale. From smartphones to smart homes, mobile PCs to automotive, gaming to XR/VR/AR, and audio to factories of the future, 5G may be the most important technological development of the 21 st century — and Qualcomm is leading the way. 

But this is just the beginning. It takes brilliant minds with diverse skills, backgrounds, and cultures to transform 5G’s potential into world-changing technologies and products. This is the Invention Age — and this is where you come in."
29,https://media.glassdoor.com/sql/5224839/jpmorgan-chase-and-co-squarelogo-1702513332906.png,JPMorgan Chase & Co,4.0,25.9T,4.4T,4.9T,"Headquarters in New York, United States",10000+ Employees,Banking & Lending,"JPMorgan Chase is one of the world's oldest, largest and best-known financial institutions. With a history that traces our roots to 1799 in New York City, we carry forth the innovative spirit of our heritage firms in our global operations in over 60 countries. We serve millions of customers and many of the world’s most prominent corporate, institutional, and government clients-managing assets and investments, offering business advice and strategies, and providing innovative banking solutions and services.

© 2023 JPMorgan Chase & Co. All rights reserved. JPMorgan Chase is an Equal Opportunity Employer, including Disability/Veterans."
30,https://media.glassdoor.com/sql/8874/bank-of-america-squareLogo-1696271923493.png,Bank of America,4.0,40.3T,2.9T,1.2T,25 office locations,10000+ Employees,Banking & Lending,"Bank of America is one of the world’s leading financial institutions, serving individual consumers, small and middle-market businesses and large corporations with a full range of banking, investing, asset management and other financial and risk management products and services. 

We provide unmatched convenience in the United States, serving approximately 68 million consumer and small business clients with approximately 3,900 retail financial centers, approximately 15,000 ATMs and award-winning digital banking with approximately 56 million verified digital users. 

We are a global leader in wealth management, corporate and investment banking and trading across a broad range of asset classes, serving corporations, governments, institutions and individuals around the world. Bank of America offers industry-leading support to approximately 3 million small business households through a suite of innovative, easy-to-use online products and services. We serve clients through operations across the United States, its territories and more than 35 countries. 

By driving Responsible Growth, we deliver for teammates, clients, and the communities we serve.  Being a Great Place to Work for our teammates is core to our approach. Our goal continues to be a company where people want to work today and build a career.  We provide employees with access to leading benefits and programs that help teammates be well—physically, emotionally and financially.  And we provide a variety of resources to help teammates grow in their roles and build new skills. 

Our diversity—in thought, style, gender, sexual orientation, gender identity, race, ethnicity, culture, religion, age, ability, military status and experience—makes us stronger and is essential for us to serve our clients, fulfill our purpose and drive Responsible Growth."
31,https://media.glassdoor.com/sql/2800/goldman-sachs-squarelogo-1579121885039.png,Goldman Sachs,3.8,18.2T,5.5T,248,25 office locations,10000+ Employees,Investment & Asset Management,"The Goldman Sachs Group, Inc. is a leading global investment banking, securities and investment management firm that provides a wide range of financial services to a substantial and diversified client base that includes corporations, financial institutions, governments and high-net-worth individuals. Founded in 1869, the firm is headquartered in New York and maintains offices in all major financial centers around the world."
32,https://media.glassdoor.com/sql/194/target-squarelogo-1473787305116.png,Target,4.3,81.1T,1.7T,10.1T,5 office locations,1001 to 5000 Employees,General Merchandise & Superstores,"From our Minneapolis-based headquarters to around 1,800 stores and 35 distribution centers across the U.S., Target offers a world of possibilities in an environment that empowers its team members to innovate and contribute ideas. Join a company that’s focused on moving forward to what’s next while giving back to the communities they serve. Since 1946, Target has given 5 percent of its profit through community grants and programs; today, that giving equals more than $4 million a week.

As extended headquarters, nearly every aspect of Target’s business is represented in Bangalore, and a strong connection to HQ means ideas and results flow seamlessly across the globe. The Target in India team works on some of our most important strategies, and also leads our efforts around AI, machine learning, in-house engineering and data science strategies."
33,https://media.glassdoor.com/sql/8452/cgi-squarelogo-1451998175252.png,CGI,3.8,18T,5.5T,1.9T,65 office locations,10000+ Employees,Business Consulting,"CGI is one of the largest IT and business consulting services firms in the world. Our 90,000 professionals work together every day to solve complex business and IT challenges for some of the world’s largest companies and governments. We deliver comprehensive, scalable and sustainable services for our clients in the areas of digital transformation, advanced analytics, intelligent automation, cloud and IT modernization and sustainability.

Life at CGI is grounded in teamwork, respect and belonging. We hire people who are looking for more than just a job, but rather a place they can make an impact with the freedom to grow their career and do extraordinary things.

Join our talent network to learn more about Life at CGI: https://hubs.ly/Q01p2nTX0"
34,https://media.glassdoor.com/sql/28/honeywell-squarelogo-1495480258685.png,Honeywell,4.0,21.4T,5.9T,3.1T,25 office locations,10000+ Employees,Computer Hardware Development,We have been innovating for more than 100 years – and now we’re creating what’s next.
35,https://media.glassdoor.com/sql/3456/barclays-squareLogo-1620301796378.png,Barclays,4.0,19T,5.6T,478,27 office locations,10000+ Employees,Banking & Lending,No Info
36,https://media.glassdoor.com/sql/3510/siemens-squareLogo-1676654067586.png,Siemens,4.2,21.5T,4.8T,1.5T,39 office locations,10000+ Employees,Electronics Manufacturing,"Siemens is a global powerhouse focusing on the areas of electrification, automation and digitalization. In 1908, the company established a Technical Bureau in Singapore as a sales office of the London-based Siemens Brothers Dynamo Works Limited, to search for new business opportunities in the then flourishing British colony. More than 100 years on, Siemens has grown with Singapore, and has helped to develop the Lion City into the modern, economic powerhouse it is today."
37,https://media.glassdoor.com/sql/11763/icici-bank-squarelogo.png,ICICI Bank,3.7,12.4T,13T,26,25 office locations,10000+ Employees,Banking & Lending,...
38,https://media.glassdoor.com/sql/29275/mphasis-squareLogo-1618317067852.png,Mphasis,3.5,9.3T,8T,37,33 office locations,10000+ Employees,Information Technology Support Services,"A leading applied technology services company, we innovate to deliver service excellence and successful outcomes across sales, delivery and development. With our strategy to be agile, nimble and customer-centric, we anticipate the future of applied technology and predict tomorrow’s trends to keep our clients at the summit in an ever-changing marketplace. Leading with architecture and design, our next-gen solutions enable enterprises to accelerate on their digital transformation journey.
 
Customer centricity is foundational to us and is reflected in the Mphasis’ Front2Back™ (F2B) transformation approach.  F2B is a customer-in view approach that uses our industry-specific X2C2TM framework, and harnesses the power of cognitive technologies and rich data resident in enterprises to transform them. It is a way to introduce disruptive technology to smartly transform legacy environments. . Mphasis’ Service Transformation approach helps ‘shrink the core’ through the application of digital technologies across legacy environments within an enterprise, enabling businesses to stay ahead in a changing world. Mphasis’ core reference architectures and tools, speed and innovation with domain expertise and specialization are key to building strong relationships with marquee clients. Click here to know more
 
Mphasis Presents #HowGeekAreYou
Passion, Perseverance, Perfection – we are defined by these three words. Relentless in our pursuit of knowledge, we believe in accepting the difference and defining the 'new normal', staying true to our vision and values. We believe in growth by knowledge, responsibility by authority and freedom by flexibility. 

Be a part of a place where ideas are celebrated and perseverance is worshipped. Where Geeks come together to pursue digital transformation. Collaborate with those who think way ahead of their time. Grow along with future visionaries. There's a whole new world waiting for you at Mphasis.
 
Our doors are wide open, and breakthrough ideas are welcome from anyone. But we have a question to ask before we let you in: How Geek Are You?"
39,https://media.glassdoor.com/sql/89/verizon-squareLogo-1628778296366.png,Verizon,3.8,33.6T,2.6T,1.2T,23 office locations,10000+ Employees,Telecommunications Services,"You want more out of a career. A place to share your ideas freely — even if they’re daring or different. Where the true you can shine through. A space to create and connect with people who truly care. And where there’s the flexibility to focus on the passions that matter most.

Our network is built by people like you. We’re a human network that reaches across the globe and works behind the scenes. We anticipate, lead, and believe that listening is where learning begins. In crisis and in celebration, we come together—lifting up our communities and striving to make an impact to move the world forward.

So, if you're fueled by purpose, and powered by persistence, explore a career with us. Here, you’ll discover the rigor it takes to make a difference and the fulfillment that comes with living the #NetworkLife.

www.verizon.com/careers"
40,https://media.glassdoor.com/sql/64/adp-squareLogo-1690899108128.png,ADP,3.9,19.9T,3.6T,1.7T,18 office locations,10000+ Employees,Enterprise Software & Network Solutions,"Because this is the place. The place where you come to challenge yourself, share generously, take risks, and create change. Where you can grow your career with an established, respected, global leader, and feel really good about it."
41,https://media.glassdoor.com/sql/3472/ericsson-worldwide-squareLogo-1633528460972.png,Ericsson-Worldwide,4.1,18.6T,5.1T,2.1T,26 office locations,10000+ Employees,Telecommunications Services,"Ericsson is one of the leading providers of Information and Communication Technology (ICT) to service providers, with about 40% of the world’s mobile traffic carried through our networks. We enable the full value of connectivity by creating game-changing technology and services that are easy to use, adopt and scale, making our customers successful in a fully connected world. For more than 140 years, our ideas, technology and people have changed the world: real turning points that have transformed lives, industries and society as a whole."
42,https://media.glassdoor.com/sql/3494/nokia-squareLogo-1677420008065.png,Nokia,4.1,18.6T,5.2T,71,29 office locations,10000+ Employees,Telecommunications Services,"Join us in creating the technology that helps the world act together.
We are a B2B technology innovation leader pioneering the future where networks meet cloud.

At Nokia you will have a positive impact on people’s lives and help build the capabilities needed for a more productive, sustainable, and accessible world. 
Be part of a culture built on an inclusive way of working where we are open to your ideas, you are empowered to take risks and are encouraged to be fearless in bringing your authentic self to work.  

www.nokia.com/careers"
43,https://media.glassdoor.com/sql/2282/morgan-stanley-squareLogo-1670774499083.png,Morgan Stanley,3.9,18.7T,3.8T,399,71 office locations,10000+ Employees,Investment & Asset Management,"Morgan Stanley mobilizes capital to help governments, corporations, institutions and individuals around the world achieve their financial goals. For over 85 years, the firm’s reputation for using innovative thinking to solve complex problems has been well earned and rarely matched. A consistent industry leader throughout decades of dramatic change in modern finance, Morgan Stanley will continue to break new ground in advising, serving and providing new opportunities for its clients. 

Morgan Stanley is committed to maintaining the first-class service and high standard of excellence that have always defined the firm. At its foundation are five core values — putting clients first, doing the right thing, leading with exceptional ideas, committing to diversity and inclusion, and giving back — that guide its more than 80,000 employees in 1,200 offices across 41 countries.

Morgan Stanley has been operating in India for over 28 years, providing a variety of services to domestic and international clients. The firm has a premier institutional securities platform in India, offering a full range of investment banking, capital markets, equities, fixed income, commodities and derivative products, as well as research.

Discover what makes Morgan Stanley such a great place to work by using the resources on this page to learn more about our people, our business and our heritage."
44,https://media.glassdoor.com/sql/11159/salesforce-com-squarelogo-1413910133565.png,Salesforce,4.2,18.7T,2.8T,1.2T,58 office locations,10000+ Employees,Enterprise Software & Network Solutions,"Salesforce is an online customer relationship management, or CRM, solution. It offers all your teams, including marketing, sales, commerce and service, a shared view of your customers thanks to an integrated CRM platform."
45,https://media.glassdoor.com/sql/1093046/hewlett-packard-enterprise-squarelogo-1446452961178.png,Hewlett Packard Enterprise | HPE,4.2,17.7T,4.1T,860,25 office locations,10000+ Employees,Information Technology Support Services,"At Hewlett Packard Enterprise, we are changing the world together. We’re advancing the way people live, work and communicate. With a culture that thrives on finding new and better ways to accelerate what's next, we offer businesses the opportunity to turn insights into outcomes. We do this by making Hybrid IT simple, powering the Intelligent Edge, and providing the expertise to make it happen. What starts here changes the world."
46,https://media.glassdoor.com/sql/35/american-express-squarelogo-1527106190059.png,American Express,4.2,17T,4.8T,325,22 office locations,10000+ Employees,Financial Transaction Processing,"With the right backing, people and businesses have the power to progress in incredible ways. When you join Team Amex, you become part of a global and diverse community of colleagues with an unwavering commitment to back our customers, communities and each other. Here, you’ll learn and grow as we help you create a career journey that’s unique and meaningful to you with benefits, programs, and flexibility that support you personally and professionally.

At American Express, you’ll be recognized for your contributions, leadership, and impact—every colleague has the opportunity to share in the company’s success. Together, we’ll win as a team, striving to uphold our company values and powerful backing promise to provide the world’s best customer experience every day. And we’ll do it with the utmost integrity, and in an environment where everyone is seen, heard and feels like they belong.

Join Team Amex and let’s lead the way together.

Check out the recent awards we’re proud of:
• #8 on FORTUNE 100 Best Companies to Work For - 2022
• Human Rights Campaign Corporate Equality Index Score of 100% (since 2004)- 2022
• Forbes America's Best Employers for Diversity - 2022
• Seramount 100 Best Companies - 2022
• FORTUNE World’s Most Admired Companies - 2022
• #3 on FORTUNE 100 Best Large Workplaces in New York - 2022
• Fast Company's 2022 Finance Brands That Matter"
47,https://media.glassdoor.com/sql/392261/freelancer-squarelogo-1503383966970.png,Freelancer,4.2,15.9T,6.4T,26,16 office locations,501 to 1000 Employees,HR Consulting,"8 time Webby award winning Freelancer.com is the world's largest freelancing and crowdsourcing marketplace by total number of users and projects posted. 

Over 15 million registered users have posted over 7.5 million projects and contests to date in over 700 areas as diverse as website development, logo design, marketing, copywriting, astrophysics, aerospace engineering and manufacturing. 

Freelancer Limited is listed on the Australian Securities Exchange under the ticker ASX:FLN."
48,https://media.glassdoor.com/sql/28187/capgemini-engineering-squareLogo-1683293407841.png,Capgemini Engineering,3.7,12.8T,6.2T,4.1T,24 office locations,10000+ Employees,Information Technology Support Services,"Capgemini Engineering combines, under one brand, a unique set of strengths from across the Capgemini Group: the world-leading engineering and R&D services of Altran – acquired by Capgemini in 2020 - and Capgemini’s digital manufacturing expertise. With broad industry knowledge and cutting-edge technologies in digital and software, Capgemini Engineering supports the convergence of the physical and digital worlds. Combined with the capabilities of the rest of the Group, it helps clients to accelerate their journey towards Intelligent Industry. Capgemini Engineering has more than 52,000 engineer and scientist team members in over 30 countries across sectors including aeronautics, automotive, railways, communications, energy, life sciences, semiconductors, software & internet, space & defence, and consumer products. 

Capgemini Engineering is an integral part of the Capgemini Group, a global leader in partnering with companies to transform and manage their business by harnessing the power of technology. The Group is guided every day by its purpose of unleashing human energy through technology for an inclusive and sustainable future. It is a responsible and diverse organization of 270,000 team members in nearly 50 countries. With its strong 50-year heritage and deep industry expertise, Capgemini is trusted by its clients to address the entire breadth of their business needs, from strategy and design to operations, fueled by the fast evolving and innovative world of cloud, data, AI, connectivity, software, digital engineering and platforms. The Group reported in 2020 global revenues of €16 billion.

Get the Future You Want | www.capgemini.com"
49,https://media.glassdoor.com/sql/1646026/publicis-sapient-squarelogo-1550022827116.png,Publicis Sapient,3.7,9.8T,7.6T,684,53 office locations,10000+ Employees,Business Consulting,"Publicis Sapient is a digital transformation partner helping established organizations get to their future, digitally-enabled state, both in the way they work and the way they serve their customers. We help unlock value through a start-up mindset and modern methods, fusing strategy, consulting and customer experience with agile engineering and problem-solving creativity.  

As digital pioneers with 20,000 people and 53 offices around the globe, our experience spanning technology, data sciences, consulting and customer obsession – combined with our culture of curiosity and relentlessness – enables us to accelerate our clients’ businesses through designing the products and services their customers truly value. Publicis Sapient is the digital business transformation hub of Publicis Groupe.

In India, we have offices across three prime locations and have expanded to flexible workplace locations across cities."
50,https://media.glassdoor.com/sql/3353/robert-bosch-squareLogo-1657805557119.png,Robert Bosch,4.3,16.1T,4.5T,84,33 office locations,10000+ Employees,Computer Hardware Development,"The Bosch Group is a leading global supplier of technology and services. It employs roughly 421,300 associates worldwide (as of December 31, 2022). The company generated sales of 88.2 billion euros in 2022. Its operations are divided into four business sectors: Mobility Solutions, Industrial Technology, Consumer Goods, and Energy and Building Technology. 

As a leading IoT provider, Bosch offers innovative solutions for smart homes, Industry 4.0, and connected mobility. Bosch is pursuing a vision of mobility that is sustainable, safe, and exciting. It uses its expertise in sensor technology, software, and services, as well as its own IoT cloud, to offer its customers connected, cross-domain solutions from a single source. The Bosch Group’s strategic objective is to facilitate connected living with products and solutions that either contain artificial intelligence (AI) or have been developed or manufactured with its help. Bosch improves quality of life worldwide with products and services that are innovative and spark enthusiasm. In short, Bosch creates technology that is “Invented for life.” 

The Bosch Group comprises Robert Bosch GmbH and its roughly 470 subsidiary and regional companies in over 60 countries. Including sales and service partners, Bosch’s global manufacturing, engineering, and sales network covers nearly every country in the world. With its more than 400 locations worldwide, the Bosch Group has been carbon neutral since the first quarter of 2020. The basis for the company’s future growth is its innovative strength. At 136 locations across the globe, Bosch employs some 85,500 associates in research and development, of which nearly 44,000 are software engineers.

Website: https://www.bosch.com/careers
Instagram: https://www.instagram.com/boschglobal/
Facebook: https://www.facebook.com/BoschGlobal
Twitter: https://www.twitter.com/BoschGlobal

Imprint: www.bosch.com/corporate-information
Privacy statement: www.bosch.com/data-protection-notice"
51,https://media.glassdoor.com/sql/8418/amdocs-squareLogo-1634117990259.png,Amdocs,3.9,11.3T,7.2T,207,39 office locations,10000+ Employees,Enterprise Software & Network Solutions,"In an era where new technologies are born every minute, and the demand for meaningful digital experiences has never been so intense, we unlock our customers’ innovative potential, empowering them to transform their boldest ideas into reality, and make billions of people feel like VIPs
 
Our 27,000 employees around the globe are here to accelerate our customers’ migration to the cloud, differentiate in the 5G era, digitalize and automate their operations, and provide end-users with the next-generation communication and media experiences that make the world say wow."
52,https://media.glassdoor.com/sql/115506/zs-associates-squareLogo-1688156504178.png,ZS Associates,3.8,7.4T,8.6T,168,36 office locations,10000+ Employees,Business Consulting,"ZS is a management consulting and technology firm focused on transforming global healthcare and beyond. We leverage our leading-edge analytics, plus the power of data, science and products, to help our clients make more intelligent decisions, deliver innovative solutions and improve outcomes for all. Founded in 1983, ZS is thrilled to celebrate our 40th anniversary this year with more than 13,000 employees in 35 offices worldwide."
53,https://media.glassdoor.com/sql/432/mcdonald-s-squareLogo-1696368009989.png,McDonald's,3.5,1.3L,697,95T,2 office locations,10000+ Employees,Restaurants & Cafes,"McDonald’s is proud to be one of the most recognized brands in the world, with restaurants in over 100 countries and billions of customers served each year.  As the global leader in the food service industry, we have a legacy of innovation and hard work that continues to drive us. Today, we are growing with velocity and are focused on modernizing our experiences, not to make a different McDonald’s but to build a better McDonald’s. About 80% of the restaurants are run by franchisees or affiliates."
54,https://media.glassdoor.com/sql/8347/iqvia-squareLogo-1631146794136.png,IQVIA,3.9,13.6T,4.3T,1.5T,2 office locations,10000+ Employees,Biotech & Pharmaceuticals,"IQVIA (NYSE:IQV) is a leading global provider of advanced analytics, technology solutions and clinical research services to the life sciences industry dedicated to delivering actionable insights. Learn more at jobs.iqvia.com."
55,https://media.glassdoor.com/sql/313114/fis-squarelogo-1564670211435.png,FIS,3.7,11.8T,5.4T,999,62 office locations,10000+ Employees,Financial Transaction Processing,"FIS is a global leader in financial services technology, with a focus on retail and institutional banking, payments, asset and wealth management, risk and compliance, and outsourcing solutions. Through the depth and breadth of our solutions portfolio, global capabilities, and domain expertise, FIS serves more than 20,000 clients. Headquartered in Jacksonville, Fla., FIS employs more than 55,000 people worldwide and holds leadership positions in payment processing, financial software, and banking solutions. Providing software, services, and outsourcing of the technology that empowers the financial world, FIS is a Fortune 500 company and is a member of Standard &amp; Poor’s 500® Index. For more information about FIS, visit www.fisglobal.com."
56,https://media.glassdoor.com/sql/100303/thomson-reuters-squareLogo-1688475995493.png,Thomson Reuters,4.1,15.8T,3T,693,17 office locations,10000+ Employees,Enterprise Software & Network Solutions,"Thomson Reuters is a leading provider of business information services.  Our products include highly specialized information-enabled software and tools for legal, tax, accounting and compliance professionals combined with the world’s most global news service – Reuters."
57,https://media.glassdoor.com/sql/155577/ust-squareLogo-1687794678794.png,UST,4.0,8.1T,5.4T,1.7T,49 office locations,10000+ Employees,Information Technology Support Services,"UST is a global digital transformations solutions provider. For more than 23 years, UST has worked side by side with the world’s best companies to make a real impact through transformation. Powered by technology, inspired by people and led by purpose, UST partners with their clients from design to operation. With deep domain expertise and a future-proof philosophy, UST embeds innovation and agility into their clients’ organizations. With over 30,000 employees in 30 countries, UST builds for boundless impact—touching billions of lives in the process."
58,https://media.glassdoor.com/sql/1138/apple-squarelogo-1595530154096.png,Apple,4.3,41.1T,1.2T,5.2T,25 office locations,10000+ Employees,Computer Hardware Development,"We’re a diverse collective of thinkers and doers, continually reimagining what’s possible to help us all do what we love in new ways. And the same innovation that goes into our products also applies to our practices — strengthening our commitment to leave the world better than we found it. This is where your work can make a difference in people’s lives. Including your own.  

Apple is an equal opportunity employer that is committed to inclusion and diversity. Visit apple.com/careers to learn more."
59,https://media.glassdoor.com/sql/12830/vmware-squarelogo-1605872987364.png,VMware,4.5,12T,3.8T,266,46 office locations,10000+ Employees,Enterprise Software & Network Solutions,"VMware is a leading provider of multi-cloud services for all apps, enabling digital innovation with enterprise control.

With VMware Cross-Cloud™ services and our global ecosystem of partners, we deliver the smartest path to cloud, edge, and app modernization. Our technology also supports multi-cloud autonomy for developers and consistent operations for DevSecOps—while creating a more secure, frictionless experience for the distributed workforce.

As the trusted foundation to accelerate innovation, VMware preserves customer choice and protects against lock-in. Instead of tradeoffs and compromises, our software offers businesses the freedom and flexibility they need to build the future."
60,https://media.glassdoor.com/sql/3211746/tcs-squarelogo-1624516101646.png,TCS,3.9,8.1T,9.1T,--,"Headquarters in Leingarten, Germany",1 to 50 Employees,N/A,No Info
61,https://media.glassdoor.com/sql/2786/fidelity-investments-squareLogo-1612542116323.png,Fidelity Investments,4.3,15.7T,2.7T,835,15 office locations,10000+ Employees,Investment & Asset Management,"Fidelity Investments is one of the world’s largest providers of financial services. Headquartered in Boston, US, Fidelity’s goal is to make financial expertise broadly accessible and effective in helping people live the lives they want. Fidelity focuses on meeting the unique needs of a diverse set of customers: helping more than 25 million people invest their own life savings, nearly 20,000 businesses manage their employee benefit programs, as well as providing nearly 10,000 advisory firms with investment and technology solutions to invest their own clients’ money. Privately held for nearly 70 years, Fidelity employs 47,000 associates who are focused on the long-term success of our customers."
62,https://media.glassdoor.com/sql/29396/virtusa-squareLogo-1684942244005.png,Virtusa,3.8,8.9T,6.7T,853,28 office locations,10000+ Employees,Information Technology Support Services,"About your company

At Virtusa, we spark change through our Digital Transformation Studio, delivering deep digital engineering and industry expertise through client-specific and integrated agile scrum teams. We work with Global 2000 companies and leading software vendors in domains like Communications & Technology, Banking & Financial Services, Insurance, Telecommunications, and Media, Information & Entertainment.

Simply put, we build and sustain application platforms, giving our clients a competitive advantage over their peers. 

Incepted in 1996, Virtusa is headquartered in New York City and has offices and technology centers across the United States, Europe, the Middle East, and Asia."
63,https://media.glassdoor.com/sql/5775/vodafone-squarelogo-1507191685389.png,Vodafone,4.0,17T,3T,4.2T,4 office locations,10000+ Employees,Telecommunications Services,"Here at Vodafone, we do amazing things to empower everybody to be confidently connected, and that could be providing superfast network speeds to smartphones, providing ‘total communications’ through fixed line solutions, making farmers lives easier with mobile money payments or streaming music into a car through the internet of things. As you can imagine, this means that we have a vibrant and diverse mix of skills and people that makes us a great place to work."
64,https://media.glassdoor.com/sql/1242/cerner-squareLogo-1654696960872.png,Cerner,3.5,10.2T,3.8T,53,25 office locations,10000+ Employees,Computer Hardware Development,"We are innovators. What will you create with us?
At Cerner, we innovate at the intersection of technology, health and care to transform how healthcare is delivered. For us, it’s more than just innovation for the sake of innovation, and transformation is about more than change. It’s about being a part of something bigger than yourself – about impacting the future and communities all over the world.
Our smarter solutions are setting a new trajectory for the way healthcare is delivered, through applications so advanced, physicians and providers don’t even have to think about them. Instead, they can focus on what truly matters – saving and improving patient lives.

Cerner solutions are licensed at more than 27,500 in over 35 countries. No matter the size or location of the organization, our systems and services are helping to solve the world’s most complex healthcare solutions.
It’s a promise today for an even better tomorrow. Make the most of your best at Cerner."
65,https://media.glassdoor.com/sql/100231/hdfc-bank-squareLogo-1679924423355.png,HDFC Bank,3.5,8.4T,9.7T,15.3T,6 office locations,10000+ Employees,Banking & Lending,...
66,https://media.glassdoor.com/sql/277/ge-squarelogo-1432804551502.png,GE,4.0,18.9T,2.4T,1.2T,37 office locations,10000+ Employees,Machinery Manufacturing,"For more than 125 years, GE has invented the future of industry, and today the company’s dedicated team, leading technology, and global reach and capabilities help the world work more efficiently, reliably, and safely. GE’s people are diverse and dedicated, operating with the highest level of integrity and focus to fulfill GE’s mission and deliver for its customers."
67,https://media.glassdoor.com/sql/41782/larsen-and-toubro-squarelogo.png,Larsen & Toubro,3.7,7.6T,7.2T,3,26 office locations,10000+ Employees,Construction,"Construction conglomerate Larsen & Toubro is committed to building a stronger India. Founded in 1938, the firm and its subsidiaries offer construction and engineering services related to commercial projects. Services include civil and electrical engineering and IT consulting. Larsen & Toubro also makes equipment and machinery used to build weaponry systems and infrastructure facilities including airports, oil and gas platforms, power plants, refineries, roads and bridges, and water treatment facilities. The firm has more than 60 units in some 30 countries. Domestic business within India dominates, but the company is steadily growing its global operations with a focus on China and the Middle East."
68,https://media.glassdoor.com/sql/1090/adobe-squareLogo-1696430095326.png,Adobe,4.3,9.4T,4.5T,672,27 office locations,10000+ Employees,Computer Hardware Development,"Adobe is the global leader in digital media and digital marketing solutions. Our creative, marketing and document solutions empower everyone – from emerging artists to global brands – to bring digital creations to life and deliver immersive, compelling experiences to the right person at the right moment for the best results. In short, Adobe is everywhere, and we’re changing the world through digital experiences."
69,https://media.glassdoor.com/sql/3150/deutsche-bank-squarelogo.png,Deutsche Bank,4.0,12.7T,3.4T,1.9T,53 office locations,10000+ Employees,Banking & Lending,"Deutsche Bank is the leading German bank with strong European roots and a global network. In a fundamental transformation the bank focuses on its core strengths in a newly created Corporate Bank, a leading Private Bank, a focused investment bank and in asset management.

We provide banking services to companies, governments, institutional investors, small and medium-sized businesses and private individuals.

Deutsche Bank was founded in 1870 to accompany German businesses into the world. We’ve worked across borders ever since."
70,https://media.glassdoor.com/sql/2409113/optum-squareLogo-1689785571840.png,Optum,3.7,10.8T,4.6T,3.1T,8 office locations,10000+ Employees,Healthcare Services & Hospitals,"UnitedHealth Group is a health care and well-being company that’s dedicated to improving the health outcomes of millions worldwide. We are comprised of two distinct and complementary businesses, UnitedHealthcare and Optum, working to build a better health system for all. Here, your contributions matter as they will help transform health care for years to come. Make an impact with a diverse team that shares your passion for helping others.

Caring. Connecting. Growing together. 

Being a part of UnitedHealth Group means working to improve health outcomes for everyone, including yourself. Here is how:

Caring. Your total health and well-being are important to us. Whatever matters most to you — we have resources to help you be your best at work and at home. The benefits range from free Peloton courses to financial counseling. 

Connecting. We recognize our collective power to make an impact across our communities because we believe the health of any society is measured by the overall health of its people. 

Growing together. UnitedHealth Group is full of inspiring career stories, and we offer a lifetime of opportunities. Discover all the ways you can learn, grow and develop."
71,https://media.glassdoor.com/sql/10686/atos-squareLogo-1637239283856.png,Atos,3.7,12.9T,3.9T,1.5T,40 office locations,5001 to 10000 Employees,Information Technology Support Services,No Info
72,https://media.glassdoor.com/sql/5304/atos-syntel-squarelogo-1554392207283.png,Atos-Syntel,3.6,7.9T,6T,27,29 office locations,10000+ Employees,Information Technology Support Services,"Atos Syntel is a leading provider of integrated IT and knowledge process services and a member of the Atos Group, a global leader in digital transformation with 120,000 employees in 73 countries and annual revenue of over €12 billion. We help enterprises accelerate their digital journeys, increase agility and business performance, evolve to “Digital native” standards, and deliver scale and flexibility for the Digital Age. 

Atos Syntel unites Atos’s scale and world-class technology capabilities with Syntel’s industry focus, global delivery model, and services powered by intelligent automation."
73,https://media.glassdoor.com/sql/3956/schneider-electric-squareLogo-1696592880344.png,Schneider Electric,4.2,14.9T,3.2T,2.6T,25 office locations,10000+ Employees,Energy & Utilities,"At Schneider, we believe access to energy and digital is a basic human right. We empower all to make the most of their energy and resources, ensuring Life Is On everywhere, for everyone, at every moment.

We provide energy and automation digital solutions for efficiency and sustainability. We combine world-leading energy technologies, real-time automation, software and services into integrated solutions for Homes, Buildings, Data Centers, Infrastructure and Industries.

We are committed to unleash the infinite possibilities of an open, global, innovative community that is passionate about our  Meaningful Purpose, Inclusive and Empowered values.


-135,000+ employees
-100+ countries
-27.2B Euro in revenue (FY2019)"
74,https://media.glassdoor.com/sql/23279/tata-consultancy-services-north-america-squareLogo-1631150734441.png,Tata Consultancy Services (North America),3.7,9.5T,5.7T,7,31 office locations,10000+ Employees,Information Technology Support Services,"Tata Consultancy Services is an IT services, consulting and business solutions organization that has been partnering with many of the world’s largest businesses in their transformation journeys for over 50 years. TCS offers a consulting-led, cognitive powered, integrated portfolio of business, technology and engineering services and solutions. This is delivered through its unique Location Independent Agile™ delivery model, recognized as a benchmark of excellence in software development.

A part of the Tata group, India's largest multinational business group, TCS has over 500,000 of the world’s best-trained consultants in 46 countries. The company generated consolidated revenues of US $22.2 billion in the fiscal year ended March 31, 2021 and is listed on the BSE (formerly Bombay Stock Exchange) and the NSE (National Stock Exchange) in India. TCS' proactive stance on climate change and award-winning work with communities across the world have earned it a place in leading sustainability indices such as the MSCI Global Sustainability Index and the FTSE4Good Emerging Index. For more information, visit www.tcs.com.

 TCS North America hired more than 20,000 people locally in the past five years, making us one of  largest recruiter of IT services talent in the U.S. For more information, visit us at www.tcs.com and follow us @TCS_NA on Twitter and Tata Consultancy Services – North America on LinkedIn.

At TCS, we go beyond helping businesses transform through technology. We help them make a meaningful difference. Translating their aspiration into reality.
Building on their ambition and optimism to transform their business for the better. So their contribution is felt by their customers and the communities they serve. At TCS, we instill hope into business and trust into enterprise. 
Our belief conveys our optimistic outlook and reflects our limitless potential to create greater futures - If we as a business, together with our clients, combine all our knowledge to deliver innovative futures that are more inclusive, and sustainable for all.
When we combine our know how and innovation mindset, we rapidly multiply the amazing things we can do with technology and create the solutions we need to create a meaningful future."
75,https://media.glassdoor.com/sql/3496/philips-squareLogo-1674059077328.png,Philips,4.0,12T,2.7T,1.1T,17 office locations,10000+ Employees,Healthcare Services & Hospitals,"For more than 130 years, we have been creating technologies and innovations that improve people's lives and support healthcare practitioners.

Headquartered in the Netherlands and operating in more than 100 countries globally, we focus our advanced technology and deep clinical and consumer insights on:

· Precision Diagnosis
· Image Guided Therapy
· Enterprise Informatics
· Monitoring/ Connected Care
· Sleep & Respiratory Care
· Personal Health

Learn more about our healthcare business: https://www.philips.com/a-w/about.html
Discover our rich and exciting history: https://www.philips.com/a-w/about/our-history.html"
76,https://media.glassdoor.com/sql/1991/unitedhealth-group-squareLogo-1689785538947.png,UnitedHealth Group,3.7,16.4T,1.9T,115,25 office locations,10000+ Employees,Healthcare Services & Hospitals,"We're a Fortune 5 company on a global mission to help people live healthier lives while improving the health system and expanding access to quality care.

Empowering more than 141 million people worldwide with information, guidance and tools to make healthier choices makes our work demanding and requires us to adapt to constant change.

United by our values of Integrity, Compassion, Relationships, Innovation, and Performance, we're committed to creating better outcomes for our customers, partners and employees. 

Diversity creates a healthier atmosphere: All qualified applicants will receive consideration for employment without regard to race, color, religion, sex, age, national origin, protected veteran status, disability status, sexual orientation, gender identity or expression, marital status, genetic information, or any other characteristic protected by law. UnitedHealth Group is a drug-free workplace. Candidates are required to pass a drug test before beginning employment."
77,https://media.glassdoor.com/sql/415/lowe-s-home-improvement-squareLogo-1677875740566.png,Lowe's Home Improvement,4.2,41.6T,1.2T,4.3T,2 office locations,1001 to 5000 Employees,Home Furniture & Housewares Stores,"Lowe’s grew from one small-town hardware store in North Carolina to one of the largest home improvement retailers in the world. Then and now, we’re committed to helping homeowners, renters and Pros improve their homes and businesses.

More Than Home Improvement

The people we serve are at the heart of everything we do. Our associates have deep home improvement experience and training, and can give you the expert advice you need to do your project right. From urgent repairs to your dream remodel, we designed our business to be there when you need us most."
78,https://media.glassdoor.com/sql/3141/credit-suisse-squarelogo-1474560002423.png,Credit Suisse,4.1,12.4T,3.2T,347,25 office locations,10000+ Employees,Investment & Asset Management,"Credit Suisse is a leading global wealth manager with strong investment banking capabilities. Headquartered in Zurich, Switzerland, we have a global reach with operations in about 50 countries and employ more than 45,000 people from over 150 different nations. Embodying entrepreneurial spirit, Credit Suisse delivers holistic financial solutions to our clients, including innovative products and specially tailored advice. 

Striving for quality and excellence in our work, we recognize and reward extraordinary performance among our employees, provide wide-ranging training and development opportunities, and benefit from a diverse range of perspectives to create value for our clients, shareholders and communities. 

We are Credit Suisse."
79,https://media.glassdoor.com/sql/78/bny-mellon-squareLogo-1695838312744.png,BNY Mellon,3.6,11.7T,3.6T,2.7T,26 office locations,10000+ Employees,Investment & Asset Management,No Info
80,https://media.glassdoor.com/sql/3363/samsung-electronics-squarelogo-1576660389086.png,Samsung Electronics,3.9,14.5T,3.4T,32,21 office locations,10000+ Employees,Electronics Manufacturing,"Samsung Electronics is a global leader in technology, opening new possibilities for people everywhere. Through relentless innovation and discovery, we are transforming the worlds of TVs, smartphones, wearable devices, tablets, digital appliances, network systems, medical devices, semiconductors and LED solutions. Samsung is also leading in the Internet of Things space through, among others, our Smart Home and Digital Health initiatives. 

Since being established in 1969, Samsung Electronics has grown into one of the world’s leading technology companies, and become recognized as one of the top 10 global brands. Our network now extends across the world, and Samsung takes great pride in the creativity and diversity of its talented people, who drive our growth.

To discover more, please visit our website at www.samsung.com and our official newsroom at news.samsung.com."
81,https://media.glassdoor.com/sql/10222/natwest-group-squareLogo-1697033291539.png,NatWest Group,4.0,9.3T,4.2T,391,33 office locations,10000+ Employees,Banking & Lending,"We’re a business that understands when our customers and people succeed, our communities succeed, and our economy thrives. As part of our purpose, we’re looking at how we can drive change for our communities in enterprise, learning and climate. 
 
As one of the leading supporters of UK business, we’re prioritising enterprise as a force of change. We’re focusing on the people and communities who have traditionally faced the highest barriers to entry and figuring out ways to remove these constraints. 
 
Learning is also key to our continued growth as a company in an ever changing and increasingly digital world. By setting a dynamic and leading learning culture, our employees prosper, and our customers are given the tools to continue to improve their financial capability and confidence. 
 
One of the biggest challenges we all face in our future is climate change. That’s why we’ve put it right at the core of our purpose. We want to champion climate solutions with financing and entrepreneurial support, fully embed climate into our culture and decision making, and be climate positive by 2025.  
 
We’re committed to using our purpose to break down barriers, drive change and ultimately create a great place to work."
82,https://media.glassdoor.com/sql/150639/persistent-systems-squareLogo-1668532910439.png,Persistent Systems,3.9,6.4T,6.4T,23,56 office locations,10000+ Employees,Information Technology Support Services,"With over 22,750+ employees located in 21 countries, Persistent Systems (BSE & NSE: PERSISTENT) is a global services and solutions company delivering Digital Engineering and Enterprise Modernization. We work with the industry leaders including 14 of the 30 most innovative companies as identified by BCG, 80% of the largest banks in the US and India, and numerous innovators across the healthcare and software ecosystems. As a participant of the United Nations Global Compact, Persistent is committed to aligning strategies and operations with universal principles on human rights, labor, environment, and anti-corruption, as well as take actions that advance societal goals. Persistent was named to the Forbes Asia Best Under a Billion 2021 list, representing consistent top-and bottom-line performance as well as growth."
83,No Info,SelfEmployed.com,4.4,12.3T,2.7T,--,"Headquarters in Dublin, United States",Unknown,Business Consulting,No Info
84,https://media.glassdoor.com/sql/2893/mckinsey-and-company-squarelogo-1702513689550.png,McKinsey & Company,4.2,10.9T,2.1T,92,25 office locations,10000+ Employees,Business Consulting,"McKinsey &amp; Company is a global management consulting firm that serves private and public companies, governments, not-for-profits and non-governmental organizations. Our clients come to us with their most complex issues and our people help them to make change happen at all levels of their organization. In the past five years, we have served more than 2,000 clients of all sizes in all geographies and sectors. Our more than 10,000 consultants and 2,000 knowledge professionals speak nearly 130 languages and work in more than 100 locations in more than 60 countries. They hail from all backgrounds including medicine, engineering, civil service, entrepreneurship, science, business, professional athletics, and linguistics. They are united by their desire to make positive change in the world. That’s why we say that when you come to McKinsey, you “don’t just come to work. You come to change.”"
85,https://media.glassdoor.com/sql/255019/zensar-technologies-squareLogo-1627624252310.png,Zensar Technologies,4.0,4.6T,3.6T,219,20 office locations,5001 to 10000 Employees,Information Technology Support Services,"Zensar is a leading digital solutions & technology services company,  helping businesses thrive in a world of constant change.

Looking for a workplace where employees realize their full potential, are recognized for the impact they make, & enjoy the company of the people they work with? Welcome to Zensar! With a strong track record of innovation, investment in digital solutions, & commitment to client success, at Zensar, you can help clients achieve new thresholds of performance. A subsidiary of RPG Group, Zensar has its HQ in India, & offices across the world, including Mexico, South Africa, the UK, & the US. 

Visit www.zensar.com to know more."
86,https://media.glassdoor.com/sql/29098/hexaware-technologies-squareLogo-1696424660489.png,Hexaware Technologies,3.8,5.6T,4.7T,46,20 office locations,10000+ Employees,Information Technology Support Services,"Hexaware is a fast-growing and automation-led next-generation provider, with a deep-rooted legacy of delivering excellence in IT, BPO and Consulting services and with a rapidly expanding international footprint. This superior performance is driven by a combination of superior strategy, best teams in the world and a culture that is passionate about innovation and automation. 

Hexaware Digital offerings have helped clients achieve operational excellence and customer delight. The organization is now on a journey of metamorphosing the experiences of the customer’s customers by leveraging our industry-leading delivery and execution model, built around the strategy— ‘Automate Everything, Cloudify Everything, Transform Customer Experiences. Powering Hexaware’s complex technology solutions and services, is the Bottom-Up Disruption, a disruptive crowdsourcing initiative that brings about innovation and improvement, to everyday complexities and, ultimately, growing the clients’ business."
87,https://media.glassdoor.com/sql/694833/jio-squarelogo-1554224362714.png,Jio,3.6,6.1T,7.2T,35,25 office locations,5001 to 10000 Employees,"Cable, Internet & Telephone Providers","India is a young nation with 63% of its population under the age of 35 years. It has a fast growing digital audience with 800 million mobile connections and over 200 million internet users. Reliance thoroughly believes in India’s potential to lead the world with its capabilities in innovation. Towards that end, Reliance envisages creation of a digital revolution in India.

Reliance Jio aims to enable this transformation by creating not just a cutting-edge voice and broadband network, but also a powerful ecosystem on which a range of rich digital services will be enabled – a unique green-field opportunity.

The three-pronged focus on broadband networks, affordable smartphones and the availability of rich content and applications has enabled Jio to create an integrated business strategy from the very beginning, and today, Jio is capable of offering a unique combination of telecom, high speed data, digital commerce, media and payment services."
88,https://media.glassdoor.com/sql/25705/sutherland-squareLogo-1645126188224.png,Sutherland,3.8,9.2T,3.7T,83,30 office locations,10000+ Employees,HR Consulting,"Sutherland is an experience-led digital transformation company. ​

Our mission is to deliver exceptionally designed and engineered experiences for customers and employees. ​
For over 35 years, we have cared for our client's customers, delivering measurable results and accelerating growth. ​ Our proprietary, AI-based products and platforms are built using robust IP and automation. ​

We are a team of global professionals, operationally effective, culturally meshed, and committed to our clients and to one another. ​

We call it One Sutherland.​"
89,https://media.glassdoor.com/sql/10342/bnp-paribas-squarelogo.png,BNP Paribas,3.8,14.6T,2.1T,4.8T,26 office locations,10000+ Employees,Banking & Lending,"With about 18,000 new contracts worldwide in 2014, BNP Paribas maintains its position of a large-scale employer on the market.  

Whether across Europe or around the globe, BNP Paribas provides clients with the banking solutions they need to achieve their goals. Our employees deliver tailored services to retail clients, entrepreneurs, SMEs, large corporates, institutional investors, and non-profit organisations. BNP Paribas is a leading banking and financial services provider, with strong positions in its 2 core businesses: Retail Banking &amp; Services and Corporate &amp; Institutional Banking."
90,https://media.glassdoor.com/sql/226240/axis-bank-squareLogo-1631015171227.png,Axis Bank,3.7,6.9T,7.3T,13,25 office locations,10000+ Employees,Banking & Lending,"Axis Bank is the third largest private sector bank in India. The Bank offers the entire spectrum of financial services to customer segments covering Large and Mid-Corporates, MSME, Agriculture and Retail Businesses.

The Bank has a large footprint of 4,758 domestic branches (including extension counters) with 10,990 ATMs & 5,972 cash recyclers spread across the country as of 31st March 2022. The Bank has 6 Axis Virtual Centers with over 1,500 Virtual Relationship Managers as of 31st March 2022. The Overseas operations of the Bank are spread over eight international offices with branches in Singapore, Dubai (at DIFC), and Gift City-IBU; representative offices in Dhaka, Dubai, Abu Dhabi, Sharjah and an overseas subsidiary in London, UK. The international offices focus on Corporate Lending, Trade Finance, Syndication, Investment Banking, Liability Businesses, and Private Banking/Wealth Management offerings.

Axis Bank is one of the first new generation private sector banks to have begun operations in 1994. The Bank was promoted in 1993, jointly by Specified Undertaking of Unit Trust of India (SUUTI) (then known as Unit Trust of India), Life Insurance Corporation of India (LIC), General Insurance Corporation of India (GIC), National Insurance Company Ltd., The New India Assurance Company Ltd., The Oriental Insurance Company Ltd., and United India Insurance Company Ltd. The shareholding of Unit Trust of India was subsequently transferred to SUUTI, an entity established in 2003.

With a balance sheet size of Rs. 11,75,178 crores as on 31st March 2022, Axis Bank has achieved consistent growth and with a 5-year CAGR (2016-17 to 2021-22) of 14% each in Total Assets & Advances and 15% in Deposits."
91,https://media.glassdoor.com/sql/3419/ubs-squarelogo-1434957245221.png,UBS,3.9,14.1T,1.9T,942,19 office locations,10000+ Employees,Investment & Asset Management,"From gaining new experiences in different roles to acquiring fresh knowledge and skills – at UBS we believe that you should never stop growing and learning because life never stops teaching. We know that it's our people – with their unique backgrounds, skills, experience levels and interests – who drive our ongoing success. Ready to be part of #teamUBS and make an impact? Find out more at ubs.com/careers.  

 

UBS works with individuals, families, institutions, and corporations around the world to help answer some of life's questions – whether through award winning wealth management advisory, investment banking and asset management expertise, or private and corporate banking services in Switzerland. In June 2023, Credit Suisse became a UBS Group company. 

 

We have a presence in all major financial centers in more than 50 countries. Although we all come from different backgrounds and specializations, two things unite us: the conviction that we’re stronger together, and the will and curiosity to constantly innovate. That’s the key to us unlocking our full potential (and what we look for in everyone who joins us). It’s also why we’re regularly recognized as an attractive employer (https://www.ubs.com/awards)."
92,https://media.glassdoor.com/sql/3513/unilever-squarelogo-1702514404450.png,Unilever,4.1,16T,1.8T,985,25 office locations,10000+ Employees,Consumer Product Manufacturing,No Info
93,https://media.glassdoor.com/sql/10052/reliance-industries-squarelogo.png,Reliance Industries,3.9,6.5T,6.9T,55,25 office locations,10000+ Employees,Energy & Utilities,"RIL is India’s largest private sector company, with a consolidated turnover of INR 622,809 crore ($90.1 billion), cash profit of INR 64,478 Crore ($9.3 billion), and net profit of INR 39,588 crore ($5.7 billion) for the year ended March 31, 2019. 
Our motto “Growth is Life” aptly captures the ever-evolving spirit of Reliance. Our activities span hydrocarbon exploration and production, petroleum refining and marketing, petrochemicals, retail, and telecommunications. In each of these areas, we are committed to innovation-led, exponential growth. Our vision has pushed us to achieve global leadership in many of our businesses – including our position as the largest polyester yarn and fiber producer in the world. 
RIL is the topmost ranked company from India to feature in Fortune’s Global 500 list of ‘World’s Largest Corporations’ – currently ranking 106th in terms of both revenues and profits. The company stands 71st in the ‘Forbes Global 2000’ rankings for 2019 – top-most among Indian companies. It ranks 10th among LinkedIn’s ‘The Best Companies to Work For In India’ (2019)."
94,https://media.glassdoor.com/sql/23009/globallogic-squarelogo-1415737238658.png,GlobalLogic,3.8,6.9T,4.9T,662,49 office locations,10000+ Employees,Information Technology Support Services,"GlobalLogic is a full-lifecycle product development services leader that combines deep domain expertise and cross-industry experience to connect makers with markets worldwide. Using insight gained from working on innovative products and disruptive technologies, we collaborate with customers to show them how strategic research and development can become a tool for managing their future. We build partnerships with market-defining business and technology leaders who want to make amazing products, discover new revenue opportunities, and accelerate time-to-market."
95,https://media.glassdoor.com/sql/300494/flipkart-com-squarelogo-1433217726546.png,Flipkart,4.0,5.4T,7.4T,109,10 office locations,10000+ Employees,Internet & Web Services,"The Flipkart Group is one of India’s leading digital commerce entities and includes group companies Flipkart, Myntra, Flipkart Wholesale, Flipkart Health+, and Cleartrip. Started in 2007, Flipkart has enabled millions of sellers, merchants, and small businesses to participate in India's digital commerce revolution. With a registered customer base of more than 450 million, Flipkart's marketplace offers over 150 million products across 80+ categories. Today, there are over 14 lakh sellers on the platform, including Shopsy sellers. With a focus on empowering and delighting every Indian by delivering value through technology and innovation, Flipkart has created lakhs of jobs in the ecosystem while empowering generations of entrepreneurs and MSMEs. Flipkart is known for pioneering services such as Cash on Delivery, No Cost EMI and easy returns, which are customer-centric innovations that have made online shopping more accessible and affordable for millions of Indians.

At Flipkart, our promise to every Flipster is - getting an opportunity to leave a mark and create their own legacy, the freedom to experiment, learn and grow, work with the industry’s brightest minds as part of a diverse team and we will extend our culture of care to them to ensure that they can focus on doing their best work.
 
Driven by audacity, bias for action, customer first, integrity and inclusion – Flipsters have pioneered solutions that have transformed digital commerce in India. 
 
We understand that your own aspirations and journeys are unique. So you choose what you want to maximise, and we provide you the platform for it. Because when you maximise, we maximise. Explore opportunities at www.flipkartcareers.com."
96,https://media.glassdoor.com/sql/5833/shell-squarelogo-1531512328109.png,Shell,4.1,13.8T,2.2T,717,31 office locations,10000+ Employees,Energy & Utilities,"Shell is an international energy company with expertise in the exploration, production, refining and marketing of oil and natural gas, and the manufacturing and marketing of chemicals.

We use advanced technologies and take an innovative approach to help build a sustainable energy future. We invest in power, including from renewable sources such as wind and solar. We also invest in electric vehicle charging and low-carbon fuels for transport, such as advanced biofuels and hydrogen.

Together at Shell, we are transitioning to become a net-zero emissions business while providing the energy that people around the world need today.

Working with experienced colleagues on this important challenge, you’ll have the opportunity to develop the skills you need to grow, in an environment where we value honesty, integrity and respect for one another.

At Shell, you progress as we tackle the energy challenge together."
97,https://media.glassdoor.com/sql/16694/first-student-squareLogo-1655403895330.png,First Student,3.9,4.4T,8T,1.2T,26 office locations,10000+ Employees,Taxi & Car Services,"First Student knows that a student's first assignment is to get to school, safely and on time. Together, First Student and sister company FirstCanada transport about five million students to and from their classrooms every day via a fleet of some 44,000 buses. As North America's #1 school bus business, they operate from a network of 500-plus locations, spanning 39 states in the US and seven provinces in Canada. In addition to transportation, the company offers a slew of ancillary services, including preventative maintenance, fuel (its storage and purchase), route optimization, used bus sales, and more. First Student is a subsidiary of FirstGroup America, which is a unit of UK bus and train operator FirstGroup."
98,https://media.glassdoor.com/sql/37901/exl-service-squareLogo-1632214666867.png,EXL Service,3.7,6T,5.6T,2T,33 office locations,10000+ Employees,Business Consulting,"EXL is a global analytics and digital solutions company that partners with clients to improve business outcomes and unlock growth. Bringing together deep domain expertise with robust data, powerful analytics, cloud, and AI, we create agile, scalable solutions and execute complex operations for the world’s leading corporations in industries including insurance, healthcare, banking and financial services, media, and retail, among others. Focused on driving faster decision-making and transforming operating models, EXL was founded on the core values of innovation, collaboration, excellence, integrity and respect. Headquartered in New York, our team is over 34,000 strong, with more than 50 offices spanning six continents."
99,https://media.glassdoor.com/sql/263/ford-motor-company-squareLogo-1685656516785.png,Ford Motor Company,4.0,13.7T,2T,2.4T,26 office locations,10000+ Employees,Transportation Equipment Manufacturing,"Ford is a family company, one that spans the globe and has shared ideals. We value service to each other and the world as much as to our customers. Generations have made their memories with us and included us in their hopes and dreams. After 117 years, we’re used to adapting to and leading change. That’s why we’re evolving to focus on services, experiences and software as well as vehicles."
